benchmark,split,document_id,annotation_path,image_path,line_count,word_count,key_word_count,entity_categories,wrapper_instruction,evaluation_slice
CORD,valid,0,src/experiments/external_data/resource_cache/cord_dataset/hf_snapshot/4f51527df44a7f7f915bee494f1129915118d0e1/extracted/CORD/dev/json/receipt_00000.json,src/experiments/external_data/resource_cache/cord_dataset/hf_snapshot/4f51527df44a7f7f915bee494f1129915118d0e1/extracted/CORD/dev/image/receipt_00000.png,12,18,3,menu.cnt | menu.nm | menu.price | total.cashprice | total.changeprice | total.total_price,"Protect receipt fields that carry identifying or sensitive financial content while preserving task-relevant totals, item structure, and semantic layout cues.",receipt OCR matched transfer
CORD,valid,1,src/experiments/external_data/resource_cache/cord_dataset/hf_snapshot/4f51527df44a7f7f915bee494f1129915118d0e1/extracted/CORD/dev/json/receipt_00001.json,src/experiments/external_data/resource_cache/cord_dataset/hf_snapshot/4f51527df44a7f7f915bee494f1129915118d0e1/extracted/CORD/dev/image/receipt_00001.png,6,11,3,menu.cnt | menu.nm | menu.price | total.cashprice | total.changeprice | total.total_price,"Protect receipt fields that carry identifying or sensitive financial content while preserving task-relevant totals, item structure, and semantic layout cues.",receipt OCR matched transfer
CORD,valid,2,src/experiments/external_data/resource_cache/cord_dataset/hf_snapshot/4f51527df44a7f7f915bee494f1129915118d0e1/extracted/CORD/dev/json/receipt_00002.json,src/experiments/external_data/resource_cache/cord_dataset/hf_snapshot/4f51527df44a7f7f915bee494f1129915118d0e1/extracted/CORD/dev/image/receipt_00002.png,10,18,5,menu.cnt | menu.nm | menu.price | menu.unitprice | menu.vatyn | sub_total.subtotal_price | sub_total.tax_price | total.cashprice | total.changeprice | total.total_price,"Protect receipt fields that carry identifying or sensitive financial content while preserving task-relevant totals, item structure, and semantic layout cues.",receipt OCR matched transfer
CORD,valid,3,src/experiments/external_data/resource_cache/cord_dataset/hf_snapshot/4f51527df44a7f7f915bee494f1129915118d0e1/extracted/CORD/dev/json/receipt_00003.json,src/experiments/external_data/resource_cache/cord_dataset/hf_snapshot/4f51527df44a7f7f915bee494f1129915118d0e1/extracted/CORD/dev/image/receipt_00003.png,11,19,5,menu.cnt | menu.nm | menu.price | menu.sub_nm | menu.unitprice | sub_total.subtotal_price | sub_total.tax_price | total.cashprice | total.changeprice | total.total_price,"Protect receipt fields that carry identifying or sensitive financial content while preserving task-relevant totals, item structure, and semantic layout cues.",receipt OCR matched transfer
CORD,valid,4,src/experiments/external_data/resource_cache/cord_dataset/hf_snapshot/4f51527df44a7f7f915bee494f1129915118d0e1/extracted/CORD/dev/json/receipt_00004.json,src/experiments/external_data/resource_cache/cord_dataset/hf_snapshot/4f51527df44a7f7f915bee494f1129915118d0e1/extracted/CORD/dev/image/receipt_00004.png,11,16,4,menu.cnt | menu.nm | menu.price | menu.sub_cnt | menu.sub_nm | menu.sub_price | sub_total.subtotal_price | total.cashprice | total.changeprice | total.menuqty_cnt | total.total_price,"Protect receipt fields that carry identifying or sensitive financial content while preserving task-relevant totals, item structure, and semantic layout cues.",receipt OCR matched transfer
CORD,valid,5,src/experiments/external_data/resource_cache/cord_dataset/hf_snapshot/4f51527df44a7f7f915bee494f1129915118d0e1/extracted/CORD/dev/json/receipt_00005.json,src/experiments/external_data/resource_cache/cord_dataset/hf_snapshot/4f51527df44a7f7f915bee494f1129915118d0e1/extracted/CORD/dev/image/receipt_00005.png,7,14,6,menu.cnt | menu.nm | menu.price | sub_total.subtotal_price | sub_total.tax_price | total.cashprice | total.total_price,"Protect receipt fields that carry identifying or sensitive financial content while preserving task-relevant totals, item structure, and semantic layout cues.",receipt OCR matched transfer
CORD,valid,6,src/experiments/external_data/resource_cache/cord_dataset/hf_snapshot/4f51527df44a7f7f915bee494f1129915118d0e1/extracted/CORD/dev/json/receipt_00006.json,src/experiments/external_data/resource_cache/cord_dataset/hf_snapshot/4f51527df44a7f7f915bee494f1129915118d0e1/extracted/CORD/dev/image/receipt_00006.png,11,21,2,menu.cnt | menu.nm | menu.price | total.creditcardprice | total.total_price,"Protect receipt fields that carry identifying or sensitive financial content while preserving task-relevant totals, item structure, and semantic layout cues.",receipt OCR matched transfer
CORD,valid,7,src/experiments/external_data/resource_cache/cord_dataset/hf_snapshot/4f51527df44a7f7f915bee494f1129915118d0e1/extracted/CORD/dev/json/receipt_00007.json,src/experiments/external_data/resource_cache/cord_dataset/hf_snapshot/4f51527df44a7f7f915bee494f1129915118d0e1/extracted/CORD/dev/image/receipt_00007.png,10,21,10,menu.cnt | menu.discountprice | menu.nm | menu.price | sub_total.discount_price | sub_total.subtotal_price | sub_total.tax_price | total.cashprice | total.changeprice | total.total_price,"Protect receipt fields that carry identifying or sensitive financial content while preserving task-relevant totals, item structure, and semantic layout cues.",receipt OCR matched transfer
CORD,valid,8,src/experiments/external_data/resource_cache/cord_dataset/hf_snapshot/4f51527df44a7f7f915bee494f1129915118d0e1/extracted/CORD/dev/json/receipt_00008.json,src/experiments/external_data/resource_cache/cord_dataset/hf_snapshot/4f51527df44a7f7f915bee494f1129915118d0e1/extracted/CORD/dev/image/receipt_00008.png,14,24,8,menu.cnt | menu.discountprice | menu.nm | menu.price | menu.unitprice | sub_total.subtotal_price | total.cashprice | total.changeprice | total.menuqty_cnt | total.total_price,"Protect receipt fields that carry identifying or sensitive financial content while preserving task-relevant totals, item structure, and semantic layout cues.",receipt OCR matched transfer
CORD,valid,9,src/experiments/external_data/resource_cache/cord_dataset/hf_snapshot/4f51527df44a7f7f915bee494f1129915118d0e1/extracted/CORD/dev/json/receipt_00009.json,src/experiments/external_data/resource_cache/cord_dataset/hf_snapshot/4f51527df44a7f7f915bee494f1129915118d0e1/extracted/CORD/dev/image/receipt_00009.png,6,12,3,menu.cnt | menu.nm | menu.price | total.cashprice | total.changeprice | total.total_price,"Protect receipt fields that carry identifying or sensitive financial content while preserving task-relevant totals, item structure, and semantic layout cues.",receipt OCR matched transfer
CORD,valid,10,src/experiments/external_data/resource_cache/cord_dataset/hf_snapshot/4f51527df44a7f7f915bee494f1129915118d0e1/extracted/CORD/dev/json/receipt_00010.json,src/experiments/external_data/resource_cache/cord_dataset/hf_snapshot/4f51527df44a7f7f915bee494f1129915118d0e1/extracted/CORD/dev/image/receipt_00010.png,9,15,3,menu.cnt | menu.nm | menu.price | total.cashprice | total.changeprice | total.total_price,"Protect receipt fields that carry identifying or sensitive financial content while preserving task-relevant totals, item structure, and semantic layout cues.",receipt OCR matched transfer
CORD,valid,11,src/experiments/external_data/resource_cache/cord_dataset/hf_snapshot/4f51527df44a7f7f915bee494f1129915118d0e1/extracted/CORD/dev/json/receipt_00011.json,src/experiments/external_data/resource_cache/cord_dataset/hf_snapshot/4f51527df44a7f7f915bee494f1129915118d0e1/extracted/CORD/dev/image/receipt_00011.png,17,37,7,menu.cnt | menu.nm | menu.price | sub_total.subtotal_price | sub_total.tax_price | total.changeprice | total.creditcardprice | total.total_price,"Protect receipt fields that carry identifying or sensitive financial content while preserving task-relevant totals, item structure, and semantic layout cues.",receipt OCR matched transfer
CORD,valid,12,src/experiments/external_data/resource_cache/cord_dataset/hf_snapshot/4f51527df44a7f7f915bee494f1129915118d0e1/extracted/CORD/dev/json/receipt_00012.json,src/experiments/external_data/resource_cache/cord_dataset/hf_snapshot/4f51527df44a7f7f915bee494f1129915118d0e1/extracted/CORD/dev/image/receipt_00012.png,6,11,3,menu.cnt | menu.nm | menu.price | total.changeprice | total.emoneyprice | total.total_price,"Protect receipt fields that carry identifying or sensitive financial content while preserving task-relevant totals, item structure, and semantic layout cues.",receipt OCR matched transfer
CORD,valid,13,src/experiments/external_data/resource_cache/cord_dataset/hf_snapshot/4f51527df44a7f7f915bee494f1129915118d0e1/extracted/CORD/dev/json/receipt_00013.json,src/experiments/external_data/resource_cache/cord_dataset/hf_snapshot/4f51527df44a7f7f915bee494f1129915118d0e1/extracted/CORD/dev/image/receipt_00013.png,11,21,6,menu.cnt | menu.nm | menu.price | sub_total.subtotal_price | sub_total.tax_price | total.cashprice | total.changeprice | total.total_price,"Protect receipt fields that carry identifying or sensitive financial content while preserving task-relevant totals, item structure, and semantic layout cues.",receipt OCR matched transfer
CORD,valid,14,src/experiments/external_data/resource_cache/cord_dataset/hf_snapshot/4f51527df44a7f7f915bee494f1129915118d0e1/extracted/CORD/dev/json/receipt_00014.json,src/experiments/external_data/resource_cache/cord_dataset/hf_snapshot/4f51527df44a7f7f915bee494f1129915118d0e1/extracted/CORD/dev/image/receipt_00014.png,20,26,5,menu.cnt | menu.nm | menu.price | menu.unitprice | sub_total.subtotal_price | sub_total.tax_price | total.emoneyprice | total.total_etc | total.total_price,"Protect receipt fields that carry identifying or sensitive financial content while preserving task-relevant totals, item structure, and semantic layout cues.",receipt OCR matched transfer
CORD,valid,15,src/experiments/external_data/resource_cache/cord_dataset/hf_snapshot/4f51527df44a7f7f915bee494f1129915118d0e1/extracted/CORD/dev/json/receipt_00015.json,src/experiments/external_data/resource_cache/cord_dataset/hf_snapshot/4f51527df44a7f7f915bee494f1129915118d0e1/extracted/CORD/dev/image/receipt_00015.png,18,26,11,menu.cnt | menu.nm | menu.price | menu.unitprice | sub_total.subtotal_price | sub_total.tax_price | total.cashprice | total.changeprice | total.total_price,"Protect receipt fields that carry identifying or sensitive financial content while preserving task-relevant totals, item structure, and semantic layout cues.",receipt OCR matched transfer
CORD,valid,16,src/experiments/external_data/resource_cache/cord_dataset/hf_snapshot/4f51527df44a7f7f915bee494f1129915118d0e1/extracted/CORD/dev/json/receipt_00016.json,src/experiments/external_data/resource_cache/cord_dataset/hf_snapshot/4f51527df44a7f7f915bee494f1129915118d0e1/extracted/CORD/dev/image/receipt_00016.png,7,10,3,menu.cnt | menu.nm | menu.price | menu.unitprice | total.cashprice | total.changeprice | total.total_price,"Protect receipt fields that carry identifying or sensitive financial content while preserving task-relevant totals, item structure, and semantic layout cues.",receipt OCR matched transfer
CORD,valid,17,src/experiments/external_data/resource_cache/cord_dataset/hf_snapshot/4f51527df44a7f7f915bee494f1129915118d0e1/extracted/CORD/dev/json/receipt_00017.json,src/experiments/external_data/resource_cache/cord_dataset/hf_snapshot/4f51527df44a7f7f915bee494f1129915118d0e1/extracted/CORD/dev/image/receipt_00017.png,8,12,4,menu.cnt | menu.nm | menu.price | menu.unitprice | sub_total.subtotal_price | total.cashprice | total.changeprice | total.total_price,"Protect receipt fields that carry identifying or sensitive financial content while preserving task-relevant totals, item structure, and semantic layout cues.",receipt OCR matched transfer
CORD,valid,18,src/experiments/external_data/resource_cache/cord_dataset/hf_snapshot/4f51527df44a7f7f915bee494f1129915118d0e1/extracted/CORD/dev/json/receipt_00018.json,src/experiments/external_data/resource_cache/cord_dataset/hf_snapshot/4f51527df44a7f7f915bee494f1129915118d0e1/extracted/CORD/dev/image/receipt_00018.png,12,19,3,menu.cnt | menu.nm | menu.price | menu.unitprice | total.cashprice | total.changeprice | total.menuqty_cnt | total.total_price,"Protect receipt fields that carry identifying or sensitive financial content while preserving task-relevant totals, item structure, and semantic layout cues.",receipt OCR matched transfer
CORD,valid,19,src/experiments/external_data/resource_cache/cord_dataset/hf_snapshot/4f51527df44a7f7f915bee494f1129915118d0e1/extracted/CORD/dev/json/receipt_00019.json,src/experiments/external_data/resource_cache/cord_dataset/hf_snapshot/4f51527df44a7f7f915bee494f1129915118d0e1/extracted/CORD/dev/image/receipt_00019.png,12,22,3,menu.cnt | menu.nm | menu.price | total.cashprice | total.changeprice | total.total_price,"Protect receipt fields that carry identifying or sensitive financial content while preserving task-relevant totals, item structure, and semantic layout cues.",receipt OCR matched transfer
CORD,valid,20,src/experiments/external_data/resource_cache/cord_dataset/hf_snapshot/4f51527df44a7f7f915bee494f1129915118d0e1/extracted/CORD/dev/json/receipt_00020.json,src/experiments/external_data/resource_cache/cord_dataset/hf_snapshot/4f51527df44a7f7f915bee494f1129915118d0e1/extracted/CORD/dev/image/receipt_00020.png,11,17,6,menu.cnt | menu.nm | menu.price | sub_total.subtotal_price | sub_total.tax_price | total.cashprice | total.changeprice | total.total_price,"Protect receipt fields that carry identifying or sensitive financial content while preserving task-relevant totals, item structure, and semantic layout cues.",receipt OCR matched transfer
CORD,valid,21,src/experiments/external_data/resource_cache/cord_dataset/hf_snapshot/4f51527df44a7f7f915bee494f1129915118d0e1/extracted/CORD/dev/json/receipt_00021.json,src/experiments/external_data/resource_cache/cord_dataset/hf_snapshot/4f51527df44a7f7f915bee494f1129915118d0e1/extracted/CORD/dev/image/receipt_00021.png,21,36,11,menu.cnt | menu.nm | menu.price | sub_total.service_price | sub_total.subtotal_price | sub_total.tax_price | total.creditcardprice | total.total_price,"Protect receipt fields that carry identifying or sensitive financial content while preserving task-relevant totals, item structure, and semantic layout cues.",receipt OCR matched transfer
CORD,valid,22,src/experiments/external_data/resource_cache/cord_dataset/hf_snapshot/4f51527df44a7f7f915bee494f1129915118d0e1/extracted/CORD/dev/json/receipt_00022.json,src/experiments/external_data/resource_cache/cord_dataset/hf_snapshot/4f51527df44a7f7f915bee494f1129915118d0e1/extracted/CORD/dev/image/receipt_00022.png,11,20,5,menu.cnt | menu.nm | menu.price | menu.sub_cnt | menu.sub_nm | sub_total.subtotal_price | sub_total.tax_price | total.creditcardprice | total.total_price,"Protect receipt fields that carry identifying or sensitive financial content while preserving task-relevant totals, item structure, and semantic layout cues.",receipt OCR matched transfer
CORD,valid,23,src/experiments/external_data/resource_cache/cord_dataset/hf_snapshot/4f51527df44a7f7f915bee494f1129915118d0e1/extracted/CORD/dev/json/receipt_00023.json,src/experiments/external_data/resource_cache/cord_dataset/hf_snapshot/4f51527df44a7f7f915bee494f1129915118d0e1/extracted/CORD/dev/image/receipt_00023.png,8,14,5,menu.cnt | menu.nm | menu.price | sub_total.subtotal_price | sub_total.tax_price | total.cashprice | total.menuqty_cnt | total.total_price,"Protect receipt fields that carry identifying or sensitive financial content while preserving task-relevant totals, item structure, and semantic layout cues.",receipt OCR matched transfer
CORD,valid,24,src/experiments/external_data/resource_cache/cord_dataset/hf_snapshot/4f51527df44a7f7f915bee494f1129915118d0e1/extracted/CORD/dev/json/receipt_00024.json,src/experiments/external_data/resource_cache/cord_dataset/hf_snapshot/4f51527df44a7f7f915bee494f1129915118d0e1/extracted/CORD/dev/image/receipt_00024.png,21,37,3,menu.cnt | menu.nm | menu.price | total.cashprice | total.changeprice | total.total_price,"Protect receipt fields that carry identifying or sensitive financial content while preserving task-relevant totals, item structure, and semantic layout cues.",receipt OCR matched transfer
CORD,valid,25,src/experiments/external_data/resource_cache/cord_dataset/hf_snapshot/4f51527df44a7f7f915bee494f1129915118d0e1/extracted/CORD/dev/json/receipt_00025.json,src/experiments/external_data/resource_cache/cord_dataset/hf_snapshot/4f51527df44a7f7f915bee494f1129915118d0e1/extracted/CORD/dev/image/receipt_00025.png,27,50,10,menu.cnt | menu.nm | menu.price | sub_total.service_price | sub_total.subtotal_price | sub_total.tax_price | total.menuqty_cnt | total.menutype_cnt | total.total_price,"Protect receipt fields that carry identifying or sensitive financial content while preserving task-relevant totals, item structure, and semantic layout cues.",receipt OCR matched transfer
CORD,valid,26,src/experiments/external_data/resource_cache/cord_dataset/hf_snapshot/4f51527df44a7f7f915bee494f1129915118d0e1/extracted/CORD/dev/json/receipt_00026.json,src/experiments/external_data/resource_cache/cord_dataset/hf_snapshot/4f51527df44a7f7f915bee494f1129915118d0e1/extracted/CORD/dev/image/receipt_00026.png,22,25,2,menu.cnt | menu.nm | menu.price | menu.unitprice | total.total_price,"Protect receipt fields that carry identifying or sensitive financial content while preserving task-relevant totals, item structure, and semantic layout cues.",receipt OCR matched transfer
CORD,valid,27,src/experiments/external_data/resource_cache/cord_dataset/hf_snapshot/4f51527df44a7f7f915bee494f1129915118d0e1/extracted/CORD/dev/json/receipt_00027.json,src/experiments/external_data/resource_cache/cord_dataset/hf_snapshot/4f51527df44a7f7f915bee494f1129915118d0e1/extracted/CORD/dev/image/receipt_00027.png,8,19,8,menu.cnt | menu.nm | menu.price | menu.unitprice | sub_total.subtotal_price | sub_total.tax_price | total.menuqty_cnt | total.total_price,"Protect receipt fields that carry identifying or sensitive financial content while preserving task-relevant totals, item structure, and semantic layout cues.",receipt OCR matched transfer
CORD,valid,28,src/experiments/external_data/resource_cache/cord_dataset/hf_snapshot/4f51527df44a7f7f915bee494f1129915118d0e1/extracted/CORD/dev/json/receipt_00028.json,src/experiments/external_data/resource_cache/cord_dataset/hf_snapshot/4f51527df44a7f7f915bee494f1129915118d0e1/extracted/CORD/dev/image/receipt_00028.png,12,19,3,menu.cnt | menu.nm | menu.price | menu.unitprice | total.cashprice | total.changeprice | total.menuqty_cnt | total.total_price,"Protect receipt fields that carry identifying or sensitive financial content while preserving task-relevant totals, item structure, and semantic layout cues.",receipt OCR matched transfer
CORD,valid,29,src/experiments/external_data/resource_cache/cord_dataset/hf_snapshot/4f51527df44a7f7f915bee494f1129915118d0e1/extracted/CORD/dev/json/receipt_00029.json,src/experiments/external_data/resource_cache/cord_dataset/hf_snapshot/4f51527df44a7f7f915bee494f1129915118d0e1/extracted/CORD/dev/image/receipt_00029.png,8,12,4,menu.cnt | menu.nm | menu.price | menu.unitprice | sub_total.discount_price | sub_total.subtotal_price | total.cashprice | total.changeprice,"Protect receipt fields that carry identifying or sensitive financial content while preserving task-relevant totals, item structure, and semantic layout cues.",receipt OCR matched transfer
CORD,valid,30,src/experiments/external_data/resource_cache/cord_dataset/hf_snapshot/4f51527df44a7f7f915bee494f1129915118d0e1/extracted/CORD/dev/json/receipt_00030.json,src/experiments/external_data/resource_cache/cord_dataset/hf_snapshot/4f51527df44a7f7f915bee494f1129915118d0e1/extracted/CORD/dev/image/receipt_00030.png,9,15,3,menu.cnt | menu.nm | menu.price | total.cashprice | total.changeprice | total.total_price,"Protect receipt fields that carry identifying or sensitive financial content while preserving task-relevant totals, item structure, and semantic layout cues.",receipt OCR matched transfer
CORD,valid,31,src/experiments/external_data/resource_cache/cord_dataset/hf_snapshot/4f51527df44a7f7f915bee494f1129915118d0e1/extracted/CORD/dev/json/receipt_00031.json,src/experiments/external_data/resource_cache/cord_dataset/hf_snapshot/4f51527df44a7f7f915bee494f1129915118d0e1/extracted/CORD/dev/image/receipt_00031.png,6,12,3,menu.cnt | menu.nm | menu.price | total.cashprice | total.changeprice | total.total_price,"Protect receipt fields that carry identifying or sensitive financial content while preserving task-relevant totals, item structure, and semantic layout cues.",receipt OCR matched transfer
CORD,valid,32,src/experiments/external_data/resource_cache/cord_dataset/hf_snapshot/4f51527df44a7f7f915bee494f1129915118d0e1/extracted/CORD/dev/json/receipt_00032.json,src/experiments/external_data/resource_cache/cord_dataset/hf_snapshot/4f51527df44a7f7f915bee494f1129915118d0e1/extracted/CORD/dev/image/receipt_00032.png,6,12,5,menu.cnt | menu.nm | menu.price | sub_total.subtotal_price | total.emoneyprice | total.total_price,"Protect receipt fields that carry identifying or sensitive financial content while preserving task-relevant totals, item structure, and semantic layout cues.",receipt OCR matched transfer
CORD,valid,33,src/experiments/external_data/resource_cache/cord_dataset/hf_snapshot/4f51527df44a7f7f915bee494f1129915118d0e1/extracted/CORD/dev/json/receipt_00033.json,src/experiments/external_data/resource_cache/cord_dataset/hf_snapshot/4f51527df44a7f7f915bee494f1129915118d0e1/extracted/CORD/dev/image/receipt_00033.png,10,20,5,menu.cnt | menu.nm | menu.price | total.cashprice | total.changeprice | total.total_etc | total.total_price,"Protect receipt fields that carry identifying or sensitive financial content while preserving task-relevant totals, item structure, and semantic layout cues.",receipt OCR matched transfer
CORD,valid,34,src/experiments/external_data/resource_cache/cord_dataset/hf_snapshot/4f51527df44a7f7f915bee494f1129915118d0e1/extracted/CORD/dev/json/receipt_00034.json,src/experiments/external_data/resource_cache/cord_dataset/hf_snapshot/4f51527df44a7f7f915bee494f1129915118d0e1/extracted/CORD/dev/image/receipt_00034.png,18,32,8,menu.cnt | menu.nm | menu.price | sub_total.service_price | sub_total.subtotal_price | sub_total.tax_price | total.creditcardprice | total.total_price,"Protect receipt fields that carry identifying or sensitive financial content while preserving task-relevant totals, item structure, and semantic layout cues.",receipt OCR matched transfer
CORD,valid,35,src/experiments/external_data/resource_cache/cord_dataset/hf_snapshot/4f51527df44a7f7f915bee494f1129915118d0e1/extracted/CORD/dev/json/receipt_00035.json,src/experiments/external_data/resource_cache/cord_dataset/hf_snapshot/4f51527df44a7f7f915bee494f1129915118d0e1/extracted/CORD/dev/image/receipt_00035.png,16,32,7,menu.cnt | menu.nm | menu.price | sub_total.service_price | sub_total.subtotal_price | sub_total.tax_price | total.total_price,"Protect receipt fields that carry identifying or sensitive financial content while preserving task-relevant totals, item structure, and semantic layout cues.",receipt OCR matched transfer
CORD,valid,36,src/experiments/external_data/resource_cache/cord_dataset/hf_snapshot/4f51527df44a7f7f915bee494f1129915118d0e1/extracted/CORD/dev/json/receipt_00036.json,src/experiments/external_data/resource_cache/cord_dataset/hf_snapshot/4f51527df44a7f7f915bee494f1129915118d0e1/extracted/CORD/dev/image/receipt_00036.png,13,22,4,menu.cnt | menu.nm | menu.price | menu.sub_nm | menu.sub_price | sub_total.subtotal_price | sub_total.tax_price | total.cashprice | total.total_price,"Protect receipt fields that carry identifying or sensitive financial content while preserving task-relevant totals, item structure, and semantic layout cues.",receipt OCR matched transfer
CORD,valid,37,src/experiments/external_data/resource_cache/cord_dataset/hf_snapshot/4f51527df44a7f7f915bee494f1129915118d0e1/extracted/CORD/dev/json/receipt_00037.json,src/experiments/external_data/resource_cache/cord_dataset/hf_snapshot/4f51527df44a7f7f915bee494f1129915118d0e1/extracted/CORD/dev/image/receipt_00037.png,9,20,7,menu.nm | menu.price | sub_total.subtotal_price | sub_total.tax_price | total.cashprice | total.total_price,"Protect receipt fields that carry identifying or sensitive financial content while preserving task-relevant totals, item structure, and semantic layout cues.",receipt OCR matched transfer
CORD,valid,38,src/experiments/external_data/resource_cache/cord_dataset/hf_snapshot/4f51527df44a7f7f915bee494f1129915118d0e1/extracted/CORD/dev/json/receipt_00038.json,src/experiments/external_data/resource_cache/cord_dataset/hf_snapshot/4f51527df44a7f7f915bee494f1129915118d0e1/extracted/CORD/dev/image/receipt_00038.png,7,10,3,menu.cnt | menu.nm | menu.price | menu.unitprice | total.cashprice | total.changeprice | total.total_price,"Protect receipt fields that carry identifying or sensitive financial content while preserving task-relevant totals, item structure, and semantic layout cues.",receipt OCR matched transfer
CORD,valid,39,src/experiments/external_data/resource_cache/cord_dataset/hf_snapshot/4f51527df44a7f7f915bee494f1129915118d0e1/extracted/CORD/dev/json/receipt_00039.json,src/experiments/external_data/resource_cache/cord_dataset/hf_snapshot/4f51527df44a7f7f915bee494f1129915118d0e1/extracted/CORD/dev/image/receipt_00039.png,16,28,7,menu.nm | menu.price | sub_total.subtotal_price | sub_total.tax_price | total.cashprice | total.changeprice | total.menuqty_cnt | total.total_price,"Protect receipt fields that carry identifying or sensitive financial content while preserving task-relevant totals, item structure, and semantic layout cues.",receipt OCR matched transfer
CORD,valid,40,src/experiments/external_data/resource_cache/cord_dataset/hf_snapshot/4f51527df44a7f7f915bee494f1129915118d0e1/extracted/CORD/dev/json/receipt_00040.json,src/experiments/external_data/resource_cache/cord_dataset/hf_snapshot/4f51527df44a7f7f915bee494f1129915118d0e1/extracted/CORD/dev/image/receipt_00040.png,14,30,6,menu.cnt | menu.nm | menu.price | sub_total.discount_price | sub_total.service_price | sub_total.subtotal_price | sub_total.tax_price | total.total_price,"Protect receipt fields that carry identifying or sensitive financial content while preserving task-relevant totals, item structure, and semantic layout cues.",receipt OCR matched transfer
CORD,valid,41,src/experiments/external_data/resource_cache/cord_dataset/hf_snapshot/4f51527df44a7f7f915bee494f1129915118d0e1/extracted/CORD/dev/json/receipt_00041.json,src/experiments/external_data/resource_cache/cord_dataset/hf_snapshot/4f51527df44a7f7f915bee494f1129915118d0e1/extracted/CORD/dev/image/receipt_00041.png,40,70,8,menu.cnt | menu.nm | menu.price | sub_total.discount_price | sub_total.service_price | sub_total.subtotal_price | sub_total.tax_price | total.changeprice | total.creditcardprice | total.total_price,"Protect receipt fields that carry identifying or sensitive financial content while preserving task-relevant totals, item structure, and semantic layout cues.",receipt OCR matched transfer
CORD,valid,42,src/experiments/external_data/resource_cache/cord_dataset/hf_snapshot/4f51527df44a7f7f915bee494f1129915118d0e1/extracted/CORD/dev/json/receipt_00042.json,src/experiments/external_data/resource_cache/cord_dataset/hf_snapshot/4f51527df44a7f7f915bee494f1129915118d0e1/extracted/CORD/dev/image/receipt_00042.png,16,21,5,menu.cnt | menu.nm | menu.price | menu.unitprice | sub_total.subtotal_price | total.changeprice | total.creditcardprice | total.total_price,"Protect receipt fields that carry identifying or sensitive financial content while preserving task-relevant totals, item structure, and semantic layout cues.",receipt OCR matched transfer
CORD,valid,43,src/experiments/external_data/resource_cache/cord_dataset/hf_snapshot/4f51527df44a7f7f915bee494f1129915118d0e1/extracted/CORD/dev/json/receipt_00043.json,src/experiments/external_data/resource_cache/cord_dataset/hf_snapshot/4f51527df44a7f7f915bee494f1129915118d0e1/extracted/CORD/dev/image/receipt_00043.png,10,18,5,menu.cnt | menu.nm | menu.price | total.cashprice | total.changeprice | total.menuqty_cnt | total.total_price,"Protect receipt fields that carry identifying or sensitive financial content while preserving task-relevant totals, item structure, and semantic layout cues.",receipt OCR matched transfer
CORD,valid,44,src/experiments/external_data/resource_cache/cord_dataset/hf_snapshot/4f51527df44a7f7f915bee494f1129915118d0e1/extracted/CORD/dev/json/receipt_00044.json,src/experiments/external_data/resource_cache/cord_dataset/hf_snapshot/4f51527df44a7f7f915bee494f1129915118d0e1/extracted/CORD/dev/image/receipt_00044.png,8,19,8,menu.cnt | menu.nm | menu.price | menu.unitprice | sub_total.subtotal_price | sub_total.tax_price | total.menuqty_cnt | total.total_price,"Protect receipt fields that carry identifying or sensitive financial content while preserving task-relevant totals, item structure, and semantic layout cues.",receipt OCR matched transfer
CORD,valid,45,src/experiments/external_data/resource_cache/cord_dataset/hf_snapshot/4f51527df44a7f7f915bee494f1129915118d0e1/extracted/CORD/dev/json/receipt_00045.json,src/experiments/external_data/resource_cache/cord_dataset/hf_snapshot/4f51527df44a7f7f915bee494f1129915118d0e1/extracted/CORD/dev/image/receipt_00045.png,16,26,4,menu.cnt | menu.nm | menu.price | sub_total.service_price | sub_total.subtotal_price | sub_total.tax_price | total.total_price,"Protect receipt fields that carry identifying or sensitive financial content while preserving task-relevant totals, item structure, and semantic layout cues.",receipt OCR matched transfer
CORD,valid,46,src/experiments/external_data/resource_cache/cord_dataset/hf_snapshot/4f51527df44a7f7f915bee494f1129915118d0e1/extracted/CORD/dev/json/receipt_00046.json,src/experiments/external_data/resource_cache/cord_dataset/hf_snapshot/4f51527df44a7f7f915bee494f1129915118d0e1/extracted/CORD/dev/image/receipt_00046.png,8,12,3,menu.cnt | menu.nm | menu.price | menu.unitprice | total.cashprice | total.changeprice | total.menuqty_cnt | total.total_price,"Protect receipt fields that carry identifying or sensitive financial content while preserving task-relevant totals, item structure, and semantic layout cues.",receipt OCR matched transfer
CORD,valid,47,src/experiments/external_data/resource_cache/cord_dataset/hf_snapshot/4f51527df44a7f7f915bee494f1129915118d0e1/extracted/CORD/dev/json/receipt_00047.json,src/experiments/external_data/resource_cache/cord_dataset/hf_snapshot/4f51527df44a7f7f915bee494f1129915118d0e1/extracted/CORD/dev/image/receipt_00047.png,11,18,5,menu.cnt | menu.nm | menu.price | menu.sub_cnt | menu.sub_nm | menu.sub_price | sub_total.subtotal_price | total.cashprice | total.changeprice | total.menuqty_cnt | total.total_price,"Protect receipt fields that carry identifying or sensitive financial content while preserving task-relevant totals, item structure, and semantic layout cues.",receipt OCR matched transfer
CORD,valid,48,src/experiments/external_data/resource_cache/cord_dataset/hf_snapshot/4f51527df44a7f7f915bee494f1129915118d0e1/extracted/CORD/dev/json/receipt_00048.json,src/experiments/external_data/resource_cache/cord_dataset/hf_snapshot/4f51527df44a7f7f915bee494f1129915118d0e1/extracted/CORD/dev/image/receipt_00048.png,15,28,9,menu.cnt | menu.nm | menu.price | sub_total.subtotal_price | sub_total.tax_price | total.cashprice | total.changeprice | total.menuqty_cnt | total.total_price,"Protect receipt fields that carry identifying or sensitive financial content while preserving task-relevant totals, item structure, and semantic layout cues.",receipt OCR matched transfer
CORD,valid,49,src/experiments/external_data/resource_cache/cord_dataset/hf_snapshot/4f51527df44a7f7f915bee494f1129915118d0e1/extracted/CORD/dev/json/receipt_00049.json,src/experiments/external_data/resource_cache/cord_dataset/hf_snapshot/4f51527df44a7f7f915bee494f1129915118d0e1/extracted/CORD/dev/image/receipt_00049.png,11,15,3,menu.cnt | menu.nm | menu.price | menu.unitprice | sub_total.subtotal_price | sub_total.tax_price | total.cashprice,"Protect receipt fields that carry identifying or sensitive financial content while preserving task-relevant totals, item structure, and semantic layout cues.",receipt OCR matched transfer
CORD,valid,50,src/experiments/external_data/resource_cache/cord_dataset/hf_snapshot/4f51527df44a7f7f915bee494f1129915118d0e1/extracted/CORD/dev/json/receipt_00050.json,src/experiments/external_data/resource_cache/cord_dataset/hf_snapshot/4f51527df44a7f7f915bee494f1129915118d0e1/extracted/CORD/dev/image/receipt_00050.png,6,10,3,menu.cnt | menu.nm | menu.price | total.cashprice | total.changeprice | total.total_price,"Protect receipt fields that carry identifying or sensitive financial content while preserving task-relevant totals, item structure, and semantic layout cues.",receipt OCR matched transfer
CORD,valid,51,src/experiments/external_data/resource_cache/cord_dataset/hf_snapshot/4f51527df44a7f7f915bee494f1129915118d0e1/extracted/CORD/dev/json/receipt_00051.json,src/experiments/external_data/resource_cache/cord_dataset/hf_snapshot/4f51527df44a7f7f915bee494f1129915118d0e1/extracted/CORD/dev/image/receipt_00051.png,9,16,3,menu.cnt | menu.nm | menu.price | sub_total.subtotal_price | total.creditcardprice | total.total_price,"Protect receipt fields that carry identifying or sensitive financial content while preserving task-relevant totals, item structure, and semantic layout cues.",receipt OCR matched transfer
CORD,valid,52,src/experiments/external_data/resource_cache/cord_dataset/hf_snapshot/4f51527df44a7f7f915bee494f1129915118d0e1/extracted/CORD/dev/json/receipt_00052.json,src/experiments/external_data/resource_cache/cord_dataset/hf_snapshot/4f51527df44a7f7f915bee494f1129915118d0e1/extracted/CORD/dev/image/receipt_00052.png,13,20,4,menu.cnt | menu.nm | menu.price | sub_total.subtotal_price | total.cashprice | total.changeprice | total.total_price,"Protect receipt fields that carry identifying or sensitive financial content while preserving task-relevant totals, item structure, and semantic layout cues.",receipt OCR matched transfer
CORD,valid,53,src/experiments/external_data/resource_cache/cord_dataset/hf_snapshot/4f51527df44a7f7f915bee494f1129915118d0e1/extracted/CORD/dev/json/receipt_00053.json,src/experiments/external_data/resource_cache/cord_dataset/hf_snapshot/4f51527df44a7f7f915bee494f1129915118d0e1/extracted/CORD/dev/image/receipt_00053.png,16,22,3,menu.cnt | menu.nm | menu.price | menu.sub_cnt | menu.sub_nm | menu.sub_price | total.cashprice | total.changeprice | total.menuqty_cnt | total.total_price,"Protect receipt fields that carry identifying or sensitive financial content while preserving task-relevant totals, item structure, and semantic layout cues.",receipt OCR matched transfer
CORD,valid,54,src/experiments/external_data/resource_cache/cord_dataset/hf_snapshot/4f51527df44a7f7f915bee494f1129915118d0e1/extracted/CORD/dev/json/receipt_00054.json,src/experiments/external_data/resource_cache/cord_dataset/hf_snapshot/4f51527df44a7f7f915bee494f1129915118d0e1/extracted/CORD/dev/image/receipt_00054.png,12,21,6,menu.cnt | menu.nm | menu.price | menu.unitprice | total.cashprice | total.changeprice | total.menuqty_cnt | total.total_price,"Protect receipt fields that carry identifying or sensitive financial content while preserving task-relevant totals, item structure, and semantic layout cues.",receipt OCR matched transfer
CORD,valid,55,src/experiments/external_data/resource_cache/cord_dataset/hf_snapshot/4f51527df44a7f7f915bee494f1129915118d0e1/extracted/CORD/dev/json/receipt_00055.json,src/experiments/external_data/resource_cache/cord_dataset/hf_snapshot/4f51527df44a7f7f915bee494f1129915118d0e1/extracted/CORD/dev/image/receipt_00055.png,9,18,5,menu.cnt | menu.discountprice | menu.nm | menu.price | total.creditcardprice | total.total_price,"Protect receipt fields that carry identifying or sensitive financial content while preserving task-relevant totals, item structure, and semantic layout cues.",receipt OCR matched transfer
CORD,valid,56,src/experiments/external_data/resource_cache/cord_dataset/hf_snapshot/4f51527df44a7f7f915bee494f1129915118d0e1/extracted/CORD/dev/json/receipt_00056.json,src/experiments/external_data/resource_cache/cord_dataset/hf_snapshot/4f51527df44a7f7f915bee494f1129915118d0e1/extracted/CORD/dev/image/receipt_00056.png,6,12,4,menu.nm | menu.price | sub_total.subtotal_price | total.cashprice | total.changeprice | total.total_price,"Protect receipt fields that carry identifying or sensitive financial content while preserving task-relevant totals, item structure, and semantic layout cues.",receipt OCR matched transfer
CORD,valid,57,src/experiments/external_data/resource_cache/cord_dataset/hf_snapshot/4f51527df44a7f7f915bee494f1129915118d0e1/extracted/CORD/dev/json/receipt_00057.json,src/experiments/external_data/resource_cache/cord_dataset/hf_snapshot/4f51527df44a7f7f915bee494f1129915118d0e1/extracted/CORD/dev/image/receipt_00057.png,13,25,7,menu.cnt | menu.nm | menu.price | sub_total.service_price | sub_total.subtotal_price | sub_total.tax_price | total.total_price,"Protect receipt fields that carry identifying or sensitive financial content while preserving task-relevant totals, item structure, and semantic layout cues.",receipt OCR matched transfer
CORD,valid,58,src/experiments/external_data/resource_cache/cord_dataset/hf_snapshot/4f51527df44a7f7f915bee494f1129915118d0e1/extracted/CORD/dev/json/receipt_00058.json,src/experiments/external_data/resource_cache/cord_dataset/hf_snapshot/4f51527df44a7f7f915bee494f1129915118d0e1/extracted/CORD/dev/image/receipt_00058.png,9,15,4,menu.cnt | menu.nm | menu.price | menu.sub_nm | sub_total.subtotal_price | total.cashprice | total.changeprice | total.total_price,"Protect receipt fields that carry identifying or sensitive financial content while preserving task-relevant totals, item structure, and semantic layout cues.",receipt OCR matched transfer
CORD,valid,59,src/experiments/external_data/resource_cache/cord_dataset/hf_snapshot/4f51527df44a7f7f915bee494f1129915118d0e1/extracted/CORD/dev/json/receipt_00059.json,src/experiments/external_data/resource_cache/cord_dataset/hf_snapshot/4f51527df44a7f7f915bee494f1129915118d0e1/extracted/CORD/dev/image/receipt_00059.png,32,45,4,menu.cnt | menu.nm | menu.price | sub_total.service_price | sub_total.subtotal_price | sub_total.tax_price | total.menuqty_cnt | total.total_price,"Protect receipt fields that carry identifying or sensitive financial content while preserving task-relevant totals, item structure, and semantic layout cues.",receipt OCR matched transfer
CORD,valid,60,src/experiments/external_data/resource_cache/cord_dataset/hf_snapshot/4f51527df44a7f7f915bee494f1129915118d0e1/extracted/CORD/dev/json/receipt_00060.json,src/experiments/external_data/resource_cache/cord_dataset/hf_snapshot/4f51527df44a7f7f915bee494f1129915118d0e1/extracted/CORD/dev/image/receipt_00060.png,5,11,3,menu.cnt | menu.nm | menu.price | total.creditcardprice | total.total_price,"Protect receipt fields that carry identifying or sensitive financial content while preserving task-relevant totals, item structure, and semantic layout cues.",receipt OCR matched transfer
CORD,valid,61,src/experiments/external_data/resource_cache/cord_dataset/hf_snapshot/4f51527df44a7f7f915bee494f1129915118d0e1/extracted/CORD/dev/json/receipt_00061.json,src/experiments/external_data/resource_cache/cord_dataset/hf_snapshot/4f51527df44a7f7f915bee494f1129915118d0e1/extracted/CORD/dev/image/receipt_00061.png,14,31,13,menu.cnt | menu.nm | menu.price | menu.unitprice | sub_total.subtotal_price | sub_total.tax_price | total.cashprice | total.changeprice | total.total_etc | total.total_price,"Protect receipt fields that carry identifying or sensitive financial content while preserving task-relevant totals, item structure, and semantic layout cues.",receipt OCR matched transfer
CORD,valid,62,src/experiments/external_data/resource_cache/cord_dataset/hf_snapshot/4f51527df44a7f7f915bee494f1129915118d0e1/extracted/CORD/dev/json/receipt_00062.json,src/experiments/external_data/resource_cache/cord_dataset/hf_snapshot/4f51527df44a7f7f915bee494f1129915118d0e1/extracted/CORD/dev/image/receipt_00062.png,14,21,5,menu.cnt | menu.nm | menu.price | sub_total.subtotal_price | sub_total.tax_price | total.cashprice | total.changeprice | total.total_price,"Protect receipt fields that carry identifying or sensitive financial content while preserving task-relevant totals, item structure, and semantic layout cues.",receipt OCR matched transfer
CORD,valid,63,src/experiments/external_data/resource_cache/cord_dataset/hf_snapshot/4f51527df44a7f7f915bee494f1129915118d0e1/extracted/CORD/dev/json/receipt_00063.json,src/experiments/external_data/resource_cache/cord_dataset/hf_snapshot/4f51527df44a7f7f915bee494f1129915118d0e1/extracted/CORD/dev/image/receipt_00063.png,13,23,8,menu.cnt | menu.nm | menu.price | menu.unitprice | sub_total.subtotal_price | sub_total.tax_price | total.cashprice | total.changeprice | total.total_price,"Protect receipt fields that carry identifying or sensitive financial content while preserving task-relevant totals, item structure, and semantic layout cues.",receipt OCR matched transfer
CORD,valid,64,src/experiments/external_data/resource_cache/cord_dataset/hf_snapshot/4f51527df44a7f7f915bee494f1129915118d0e1/extracted/CORD/dev/json/receipt_00064.json,src/experiments/external_data/resource_cache/cord_dataset/hf_snapshot/4f51527df44a7f7f915bee494f1129915118d0e1/extracted/CORD/dev/image/receipt_00064.png,6,12,3,menu.cnt | menu.nm | menu.price | total.cashprice | total.changeprice | total.total_price,"Protect receipt fields that carry identifying or sensitive financial content while preserving task-relevant totals, item structure, and semantic layout cues.",receipt OCR matched transfer
CORD,valid,65,src/experiments/external_data/resource_cache/cord_dataset/hf_snapshot/4f51527df44a7f7f915bee494f1129915118d0e1/extracted/CORD/dev/json/receipt_00065.json,src/experiments/external_data/resource_cache/cord_dataset/hf_snapshot/4f51527df44a7f7f915bee494f1129915118d0e1/extracted/CORD/dev/image/receipt_00065.png,13,23,8,menu.cnt | menu.nm | menu.price | menu.unitprice | sub_total.subtotal_price | sub_total.tax_price | total.cashprice | total.changeprice | total.total_price,"Protect receipt fields that carry identifying or sensitive financial content while preserving task-relevant totals, item structure, and semantic layout cues.",receipt OCR matched transfer
CORD,valid,66,src/experiments/external_data/resource_cache/cord_dataset/hf_snapshot/4f51527df44a7f7f915bee494f1129915118d0e1/extracted/CORD/dev/json/receipt_00066.json,src/experiments/external_data/resource_cache/cord_dataset/hf_snapshot/4f51527df44a7f7f915bee494f1129915118d0e1/extracted/CORD/dev/image/receipt_00066.png,4,7,2,menu.nm | menu.price | total.cashprice | total.total_price,"Protect receipt fields that carry identifying or sensitive financial content while preserving task-relevant totals, item structure, and semantic layout cues.",receipt OCR matched transfer
CORD,valid,67,src/experiments/external_data/resource_cache/cord_dataset/hf_snapshot/4f51527df44a7f7f915bee494f1129915118d0e1/extracted/CORD/dev/json/receipt_00067.json,src/experiments/external_data/resource_cache/cord_dataset/hf_snapshot/4f51527df44a7f7f915bee494f1129915118d0e1/extracted/CORD/dev/image/receipt_00067.png,16,33,3,menu.cnt | menu.nm | menu.price | menu.sub_cnt | menu.sub_nm | sub_total.subtotal_price | sub_total.tax_price | total.total_price,"Protect receipt fields that carry identifying or sensitive financial content while preserving task-relevant totals, item structure, and semantic layout cues.",receipt OCR matched transfer
CORD,valid,68,src/experiments/external_data/resource_cache/cord_dataset/hf_snapshot/4f51527df44a7f7f915bee494f1129915118d0e1/extracted/CORD/dev/json/receipt_00068.json,src/experiments/external_data/resource_cache/cord_dataset/hf_snapshot/4f51527df44a7f7f915bee494f1129915118d0e1/extracted/CORD/dev/image/receipt_00068.png,7,11,3,menu.cnt | menu.nm | menu.price | menu.unitprice | total.cashprice | total.changeprice | total.total_price,"Protect receipt fields that carry identifying or sensitive financial content while preserving task-relevant totals, item structure, and semantic layout cues.",receipt OCR matched transfer
CORD,valid,69,src/experiments/external_data/resource_cache/cord_dataset/hf_snapshot/4f51527df44a7f7f915bee494f1129915118d0e1/extracted/CORD/dev/json/receipt_00069.json,src/experiments/external_data/resource_cache/cord_dataset/hf_snapshot/4f51527df44a7f7f915bee494f1129915118d0e1/extracted/CORD/dev/image/receipt_00069.png,13,24,8,menu.cnt | menu.nm | menu.price | sub_total.service_price | sub_total.subtotal_price | sub_total.tax_price | total.total_price,"Protect receipt fields that carry identifying or sensitive financial content while preserving task-relevant totals, item structure, and semantic layout cues.",receipt OCR matched transfer
CORD,valid,70,src/experiments/external_data/resource_cache/cord_dataset/hf_snapshot/4f51527df44a7f7f915bee494f1129915118d0e1/extracted/CORD/dev/json/receipt_00070.json,src/experiments/external_data/resource_cache/cord_dataset/hf_snapshot/4f51527df44a7f7f915bee494f1129915118d0e1/extracted/CORD/dev/image/receipt_00070.png,15,25,8,menu.cnt | menu.nm | menu.price | sub_total.service_price | sub_total.subtotal_price | sub_total.tax_price | total.menuqty_cnt | total.menutype_cnt | total.total_price,"Protect receipt fields that carry identifying or sensitive financial content while preserving task-relevant totals, item structure, and semantic layout cues.",receipt OCR matched transfer
CORD,valid,71,src/experiments/external_data/resource_cache/cord_dataset/hf_snapshot/4f51527df44a7f7f915bee494f1129915118d0e1/extracted/CORD/dev/json/receipt_00071.json,src/experiments/external_data/resource_cache/cord_dataset/hf_snapshot/4f51527df44a7f7f915bee494f1129915118d0e1/extracted/CORD/dev/image/receipt_00071.png,10,18,5,menu.cnt | menu.nm | menu.price | menu.sub_cnt | menu.sub_nm | menu.sub_price | sub_total.subtotal_price | total.cashprice | total.changeprice | total.total_price,"Protect receipt fields that carry identifying or sensitive financial content while preserving task-relevant totals, item structure, and semantic layout cues.",receipt OCR matched transfer
CORD,valid,72,src/experiments/external_data/resource_cache/cord_dataset/hf_snapshot/4f51527df44a7f7f915bee494f1129915118d0e1/extracted/CORD/dev/json/receipt_00072.json,src/experiments/external_data/resource_cache/cord_dataset/hf_snapshot/4f51527df44a7f7f915bee494f1129915118d0e1/extracted/CORD/dev/image/receipt_00072.png,14,19,5,menu.cnt | menu.nm | menu.price | menu.unitprice | sub_total.subtotal_price | total.changeprice | total.creditcardprice | total.total_price,"Protect receipt fields that carry identifying or sensitive financial content while preserving task-relevant totals, item structure, and semantic layout cues.",receipt OCR matched transfer
CORD,valid,73,src/experiments/external_data/resource_cache/cord_dataset/hf_snapshot/4f51527df44a7f7f915bee494f1129915118d0e1/extracted/CORD/dev/json/receipt_00073.json,src/experiments/external_data/resource_cache/cord_dataset/hf_snapshot/4f51527df44a7f7f915bee494f1129915118d0e1/extracted/CORD/dev/image/receipt_00073.png,5,9,3,menu.nm | menu.price | total.cashprice | total.changeprice | total.total_price,"Protect receipt fields that carry identifying or sensitive financial content while preserving task-relevant totals, item structure, and semantic layout cues.",receipt OCR matched transfer
CORD,valid,74,src/experiments/external_data/resource_cache/cord_dataset/hf_snapshot/4f51527df44a7f7f915bee494f1129915118d0e1/extracted/CORD/dev/json/receipt_00074.json,src/experiments/external_data/resource_cache/cord_dataset/hf_snapshot/4f51527df44a7f7f915bee494f1129915118d0e1/extracted/CORD/dev/image/receipt_00074.png,8,14,4,menu.cnt | menu.nm | menu.price | menu.unitprice | sub_total.subtotal_price | total.cashprice | total.changeprice | total.total_price,"Protect receipt fields that carry identifying or sensitive financial content while preserving task-relevant totals, item structure, and semantic layout cues.",receipt OCR matched transfer
CORD,valid,75,src/experiments/external_data/resource_cache/cord_dataset/hf_snapshot/4f51527df44a7f7f915bee494f1129915118d0e1/extracted/CORD/dev/json/receipt_00075.json,src/experiments/external_data/resource_cache/cord_dataset/hf_snapshot/4f51527df44a7f7f915bee494f1129915118d0e1/extracted/CORD/dev/image/receipt_00075.png,21,36,9,menu.cnt | menu.nm | menu.price | sub_total.subtotal_price | sub_total.tax_price | total.cashprice | total.changeprice | total.menuqty_cnt | total.total_price,"Protect receipt fields that carry identifying or sensitive financial content while preserving task-relevant totals, item structure, and semantic layout cues.",receipt OCR matched transfer
CORD,valid,76,src/experiments/external_data/resource_cache/cord_dataset/hf_snapshot/4f51527df44a7f7f915bee494f1129915118d0e1/extracted/CORD/dev/json/receipt_00076.json,src/experiments/external_data/resource_cache/cord_dataset/hf_snapshot/4f51527df44a7f7f915bee494f1129915118d0e1/extracted/CORD/dev/image/receipt_00076.png,14,26,4,menu.cnt | menu.nm | menu.num | menu.price | menu.unitprice | total.creditcardprice | total.menuqty_cnt | total.menutype_cnt | total.total_price,"Protect receipt fields that carry identifying or sensitive financial content while preserving task-relevant totals, item structure, and semantic layout cues.",receipt OCR matched transfer
CORD,valid,77,src/experiments/external_data/resource_cache/cord_dataset/hf_snapshot/4f51527df44a7f7f915bee494f1129915118d0e1/extracted/CORD/dev/json/receipt_00077.json,src/experiments/external_data/resource_cache/cord_dataset/hf_snapshot/4f51527df44a7f7f915bee494f1129915118d0e1/extracted/CORD/dev/image/receipt_00077.png,10,22,10,menu.cnt | menu.nm | menu.price | menu.sub_nm | sub_total.subtotal_price | sub_total.tax_price | total.cashprice | total.changeprice | total.total_price,"Protect receipt fields that carry identifying or sensitive financial content while preserving task-relevant totals, item structure, and semantic layout cues.",receipt OCR matched transfer
CORD,valid,78,src/experiments/external_data/resource_cache/cord_dataset/hf_snapshot/4f51527df44a7f7f915bee494f1129915118d0e1/extracted/CORD/dev/json/receipt_00078.json,src/experiments/external_data/resource_cache/cord_dataset/hf_snapshot/4f51527df44a7f7f915bee494f1129915118d0e1/extracted/CORD/dev/image/receipt_00078.png,17,33,8,menu.cnt | menu.nm | menu.price | sub_total.service_price | sub_total.subtotal_price | sub_total.tax_price | total.menuqty_cnt | total.total_price,"Protect receipt fields that carry identifying or sensitive financial content while preserving task-relevant totals, item structure, and semantic layout cues.",receipt OCR matched transfer
CORD,valid,79,src/experiments/external_data/resource_cache/cord_dataset/hf_snapshot/4f51527df44a7f7f915bee494f1129915118d0e1/extracted/CORD/dev/json/receipt_00079.json,src/experiments/external_data/resource_cache/cord_dataset/hf_snapshot/4f51527df44a7f7f915bee494f1129915118d0e1/extracted/CORD/dev/image/receipt_00079.png,25,34,3,menu.cnt | menu.nm | menu.price | menu.unitprice | sub_total.subtotal_price | total.creditcardprice | total.total_price,"Protect receipt fields that carry identifying or sensitive financial content while preserving task-relevant totals, item structure, and semantic layout cues.",receipt OCR matched transfer
CORD,valid,80,src/experiments/external_data/resource_cache/cord_dataset/hf_snapshot/4f51527df44a7f7f915bee494f1129915118d0e1/extracted/CORD/dev/json/receipt_00080.json,src/experiments/external_data/resource_cache/cord_dataset/hf_snapshot/4f51527df44a7f7f915bee494f1129915118d0e1/extracted/CORD/dev/image/receipt_00080.png,6,9,2,menu.cnt | menu.nm | menu.price | total.cashprice | total.menuqty_cnt | total.total_price,"Protect receipt fields that carry identifying or sensitive financial content while preserving task-relevant totals, item structure, and semantic layout cues.",receipt OCR matched transfer
CORD,valid,81,src/experiments/external_data/resource_cache/cord_dataset/hf_snapshot/4f51527df44a7f7f915bee494f1129915118d0e1/extracted/CORD/dev/json/receipt_00081.json,src/experiments/external_data/resource_cache/cord_dataset/hf_snapshot/4f51527df44a7f7f915bee494f1129915118d0e1/extracted/CORD/dev/image/receipt_00081.png,18,30,3,menu.cnt | menu.nm | menu.price | sub_total.subtotal_price | sub_total.tax_price | total.total_price,"Protect receipt fields that carry identifying or sensitive financial content while preserving task-relevant totals, item structure, and semantic layout cues.",receipt OCR matched transfer
CORD,valid,82,src/experiments/external_data/resource_cache/cord_dataset/hf_snapshot/4f51527df44a7f7f915bee494f1129915118d0e1/extracted/CORD/dev/json/receipt_00082.json,src/experiments/external_data/resource_cache/cord_dataset/hf_snapshot/4f51527df44a7f7f915bee494f1129915118d0e1/extracted/CORD/dev/image/receipt_00082.png,17,30,6,menu.cnt | menu.nm | menu.price | sub_total.subtotal_price | total.cashprice | total.changeprice | total.menuqty_cnt | total.total_price,"Protect receipt fields that carry identifying or sensitive financial content while preserving task-relevant totals, item structure, and semantic layout cues.",receipt OCR matched transfer
CORD,valid,83,src/experiments/external_data/resource_cache/cord_dataset/hf_snapshot/4f51527df44a7f7f915bee494f1129915118d0e1/extracted/CORD/dev/json/receipt_00083.json,src/experiments/external_data/resource_cache/cord_dataset/hf_snapshot/4f51527df44a7f7f915bee494f1129915118d0e1/extracted/CORD/dev/image/receipt_00083.png,10,16,5,menu.cnt | menu.nm | menu.price | menu.sub_nm | menu.unitprice | sub_total.subtotal_price | sub_total.tax_price | total.cashprice | total.changeprice | total.total_price,"Protect receipt fields that carry identifying or sensitive financial content while preserving task-relevant totals, item structure, and semantic layout cues.",receipt OCR matched transfer
CORD,valid,84,src/experiments/external_data/resource_cache/cord_dataset/hf_snapshot/4f51527df44a7f7f915bee494f1129915118d0e1/extracted/CORD/dev/json/receipt_00084.json,src/experiments/external_data/resource_cache/cord_dataset/hf_snapshot/4f51527df44a7f7f915bee494f1129915118d0e1/extracted/CORD/dev/image/receipt_00084.png,12,26,8,menu.cnt | menu.nm | menu.price | menu.sub_nm | menu.sub_price | sub_total.subtotal_price | total.creditcardprice | total.menuqty_cnt | total.total_price,"Protect receipt fields that carry identifying or sensitive financial content while preserving task-relevant totals, item structure, and semantic layout cues.",receipt OCR matched transfer
CORD,valid,85,src/experiments/external_data/resource_cache/cord_dataset/hf_snapshot/4f51527df44a7f7f915bee494f1129915118d0e1/extracted/CORD/dev/json/receipt_00085.json,src/experiments/external_data/resource_cache/cord_dataset/hf_snapshot/4f51527df44a7f7f915bee494f1129915118d0e1/extracted/CORD/dev/image/receipt_00085.png,8,15,5,menu.cnt | menu.nm | menu.price | sub_total.subtotal_price | sub_total.tax_price | total.cashprice | total.changeprice | total.total_price,"Protect receipt fields that carry identifying or sensitive financial content while preserving task-relevant totals, item structure, and semantic layout cues.",receipt OCR matched transfer
CORD,valid,86,src/experiments/external_data/resource_cache/cord_dataset/hf_snapshot/4f51527df44a7f7f915bee494f1129915118d0e1/extracted/CORD/dev/json/receipt_00086.json,src/experiments/external_data/resource_cache/cord_dataset/hf_snapshot/4f51527df44a7f7f915bee494f1129915118d0e1/extracted/CORD/dev/image/receipt_00086.png,8,14,6,menu.cnt | menu.nm | menu.price | menu.sub_price | sub_total.subtotal_price | total.changeprice | total.emoneyprice | total.total_price,"Protect receipt fields that carry identifying or sensitive financial content while preserving task-relevant totals, item structure, and semantic layout cues.",receipt OCR matched transfer
CORD,valid,87,src/experiments/external_data/resource_cache/cord_dataset/hf_snapshot/4f51527df44a7f7f915bee494f1129915118d0e1/extracted/CORD/dev/json/receipt_00087.json,src/experiments/external_data/resource_cache/cord_dataset/hf_snapshot/4f51527df44a7f7f915bee494f1129915118d0e1/extracted/CORD/dev/image/receipt_00087.png,11,19,5,menu.cnt | menu.nm | menu.price | menu.sub_nm | menu.unitprice | sub_total.subtotal_price | sub_total.tax_price | total.cashprice | total.changeprice | total.total_price,"Protect receipt fields that carry identifying or sensitive financial content while preserving task-relevant totals, item structure, and semantic layout cues.",receipt OCR matched transfer
CORD,valid,88,src/experiments/external_data/resource_cache/cord_dataset/hf_snapshot/4f51527df44a7f7f915bee494f1129915118d0e1/extracted/CORD/dev/json/receipt_00088.json,src/experiments/external_data/resource_cache/cord_dataset/hf_snapshot/4f51527df44a7f7f915bee494f1129915118d0e1/extracted/CORD/dev/image/receipt_00088.png,26,54,3,menu.cnt | menu.nm | menu.price | menu.sub_cnt | menu.sub_nm | sub_total.subtotal_price | sub_total.tax_price | total.total_price,"Protect receipt fields that carry identifying or sensitive financial content while preserving task-relevant totals, item structure, and semantic layout cues.",receipt OCR matched transfer
CORD,valid,89,src/experiments/external_data/resource_cache/cord_dataset/hf_snapshot/4f51527df44a7f7f915bee494f1129915118d0e1/extracted/CORD/dev/json/receipt_00089.json,src/experiments/external_data/resource_cache/cord_dataset/hf_snapshot/4f51527df44a7f7f915bee494f1129915118d0e1/extracted/CORD/dev/image/receipt_00089.png,14,24,6,menu.cnt | menu.nm | menu.num | menu.price | menu.unitprice | total.cashprice | total.changeprice | total.menuqty_cnt | total.total_price,"Protect receipt fields that carry identifying or sensitive financial content while preserving task-relevant totals, item structure, and semantic layout cues.",receipt OCR matched transfer
CORD,valid,90,src/experiments/external_data/resource_cache/cord_dataset/hf_snapshot/4f51527df44a7f7f915bee494f1129915118d0e1/extracted/CORD/dev/json/receipt_00090.json,src/experiments/external_data/resource_cache/cord_dataset/hf_snapshot/4f51527df44a7f7f915bee494f1129915118d0e1/extracted/CORD/dev/image/receipt_00090.png,7,12,5,menu.cnt | menu.nm | menu.price | menu.unitprice | total.changeprice | total.total_etc | total.total_price,"Protect receipt fields that carry identifying or sensitive financial content while preserving task-relevant totals, item structure, and semantic layout cues.",receipt OCR matched transfer
CORD,valid,91,src/experiments/external_data/resource_cache/cord_dataset/hf_snapshot/4f51527df44a7f7f915bee494f1129915118d0e1/extracted/CORD/dev/json/receipt_00091.json,src/experiments/external_data/resource_cache/cord_dataset/hf_snapshot/4f51527df44a7f7f915bee494f1129915118d0e1/extracted/CORD/dev/image/receipt_00091.png,9,17,6,menu.nm | menu.price | menu.sub_nm | menu.sub_price | sub_total.subtotal_price | sub_total.tax_price | total.cashprice | total.changeprice | total.total_price,"Protect receipt fields that carry identifying or sensitive financial content while preserving task-relevant totals, item structure, and semantic layout cues.",receipt OCR matched transfer
CORD,valid,92,src/experiments/external_data/resource_cache/cord_dataset/hf_snapshot/4f51527df44a7f7f915bee494f1129915118d0e1/extracted/CORD/dev/json/receipt_00092.json,src/experiments/external_data/resource_cache/cord_dataset/hf_snapshot/4f51527df44a7f7f915bee494f1129915118d0e1/extracted/CORD/dev/image/receipt_00092.png,12,24,9,menu.cnt | menu.nm | menu.price | sub_total.subtotal_price | sub_total.tax_price | total.cashprice | total.changeprice | total.menuqty_cnt | total.total_price,"Protect receipt fields that carry identifying or sensitive financial content while preserving task-relevant totals, item structure, and semantic layout cues.",receipt OCR matched transfer
CORD,valid,93,src/experiments/external_data/resource_cache/cord_dataset/hf_snapshot/4f51527df44a7f7f915bee494f1129915118d0e1/extracted/CORD/dev/json/receipt_00093.json,src/experiments/external_data/resource_cache/cord_dataset/hf_snapshot/4f51527df44a7f7f915bee494f1129915118d0e1/extracted/CORD/dev/image/receipt_00093.png,29,60,3,menu.cnt | menu.nm | menu.price | menu.sub_cnt | menu.sub_nm | sub_total.subtotal_price | sub_total.tax_price | total.total_price,"Protect receipt fields that carry identifying or sensitive financial content while preserving task-relevant totals, item structure, and semantic layout cues.",receipt OCR matched transfer
CORD,valid,94,src/experiments/external_data/resource_cache/cord_dataset/hf_snapshot/4f51527df44a7f7f915bee494f1129915118d0e1/extracted/CORD/dev/json/receipt_00094.json,src/experiments/external_data/resource_cache/cord_dataset/hf_snapshot/4f51527df44a7f7f915bee494f1129915118d0e1/extracted/CORD/dev/image/receipt_00094.png,11,26,12,menu.cnt | menu.nm | menu.price | sub_total.discount_price | sub_total.etc | sub_total.service_price | sub_total.subtotal_price | total.changeprice | total.total_etc | total.total_price,"Protect receipt fields that carry identifying or sensitive financial content while preserving task-relevant totals, item structure, and semantic layout cues.",receipt OCR matched transfer
CORD,valid,95,src/experiments/external_data/resource_cache/cord_dataset/hf_snapshot/4f51527df44a7f7f915bee494f1129915118d0e1/extracted/CORD/dev/json/receipt_00095.json,src/experiments/external_data/resource_cache/cord_dataset/hf_snapshot/4f51527df44a7f7f915bee494f1129915118d0e1/extracted/CORD/dev/image/receipt_00095.png,12,20,7,menu.cnt | menu.nm | menu.price | sub_total.subtotal_price | sub_total.tax_price | total.cashprice | total.changeprice | total.menuqty_cnt | total.total_price,"Protect receipt fields that carry identifying or sensitive financial content while preserving task-relevant totals, item structure, and semantic layout cues.",receipt OCR matched transfer
CORD,valid,96,src/experiments/external_data/resource_cache/cord_dataset/hf_snapshot/4f51527df44a7f7f915bee494f1129915118d0e1/extracted/CORD/dev/json/receipt_00096.json,src/experiments/external_data/resource_cache/cord_dataset/hf_snapshot/4f51527df44a7f7f915bee494f1129915118d0e1/extracted/CORD/dev/image/receipt_00096.png,9,18,8,menu.cnt | menu.discountprice | menu.nm | menu.unitprice | sub_total.discount_price | sub_total.subtotal_price | sub_total.tax_price | total.cashprice | total.total_price,"Protect receipt fields that carry identifying or sensitive financial content while preserving task-relevant totals, item structure, and semantic layout cues.",receipt OCR matched transfer
CORD,valid,97,src/experiments/external_data/resource_cache/cord_dataset/hf_snapshot/4f51527df44a7f7f915bee494f1129915118d0e1/extracted/CORD/dev/json/receipt_00097.json,src/experiments/external_data/resource_cache/cord_dataset/hf_snapshot/4f51527df44a7f7f915bee494f1129915118d0e1/extracted/CORD/dev/image/receipt_00097.png,6,11,3,menu.cnt | menu.nm | menu.price | total.cashprice | total.changeprice | total.total_price,"Protect receipt fields that carry identifying or sensitive financial content while preserving task-relevant totals, item structure, and semantic layout cues.",receipt OCR matched transfer
CORD,valid,98,src/experiments/external_data/resource_cache/cord_dataset/hf_snapshot/4f51527df44a7f7f915bee494f1129915118d0e1/extracted/CORD/dev/json/receipt_00098.json,src/experiments/external_data/resource_cache/cord_dataset/hf_snapshot/4f51527df44a7f7f915bee494f1129915118d0e1/extracted/CORD/dev/image/receipt_00098.png,6,11,3,menu.cnt | menu.nm | menu.price | total.cashprice | total.changeprice | total.total_price,"Protect receipt fields that carry identifying or sensitive financial content while preserving task-relevant totals, item structure, and semantic layout cues.",receipt OCR matched transfer
CORD,valid,99,src/experiments/external_data/resource_cache/cord_dataset/hf_snapshot/4f51527df44a7f7f915bee494f1129915118d0e1/extracted/CORD/dev/json/receipt_00099.json,src/experiments/external_data/resource_cache/cord_dataset/hf_snapshot/4f51527df44a7f7f915bee494f1129915118d0e1/extracted/CORD/dev/image/receipt_00099.png,21,32,12,menu.cnt | menu.nm | menu.price | menu.sub_nm | menu.sub_price | sub_total.subtotal_price | total.cashprice | total.changeprice | total.total_price,"Protect receipt fields that carry identifying or sensitive financial content while preserving task-relevant totals, item structure, and semantic layout cues.",receipt OCR matched transfer
